{
  "spec/adapters/bagit/metadata_adapter_spec.rb": 0.1180562973022461,
  "spec/change_sets/boxless_ephemera_folder_change_set_spec.rb": 1.3872265815734863,
  "spec/features/ephemera_box_spec.rb": 8.50556492805481,
  "spec/decorators/ephemera_term_decorator_spec.rb": 0.08745288848876953,
  "spec/queries/find_by_string_property_spec.rb": 0.020253896713256836,
  "spec/jobs/poster_ingester_job_spec.rb": 0.2294008731842041,
  "spec/validators/state_validator_spec.rb": 0.08356451988220215,
  "spec/models/index_collection_spec.rb": 0.016037940979003906,
  "spec/helpers/thumbnail_helper_spec.rb": 0.3316688537597656,
  "spec/views/catalog/_admin_controls_ephemera_box.html.erb_spec.rb": 0.05500602722167969,
  "spec/services/valkyrie1_migrator_spec.rb": 0.06427288055419922,
  "spec/change_sets/scanned_map_change_set_spec.rb": 0.01011204719543457,
  "spec/controllers/ephemera_projects_controller_spec.rb": 1.4951844215393066,
  "spec/models/ephemera_folder_spec.rb": 0.13440632820129395,
  "spec/controllers/catalog_controller_spec.rb": 13.87028193473816,
  "spec/models/ephemera_box_spec.rb": 0.11893010139465332,
  "spec/controllers/ephemera_terms_controller_spec.rb": 1.195204257965088,
  "spec/services/ingest_vocab_service_spec.rb": 0.25684022903442383,
  "spec/change_sets/ephemera_folder_change_set_spec.rb": 0.835625171661377,
  "spec/services/geo_resources/discovery/document_builder_spec.rb": 5.720610857009888,
  "spec/models/ephemera_field_spec.rb": 0.11928677558898926,
  "spec/services/geo_resources/discovery/abstract_document_spec.rb": 0.04694700241088867,
  "spec/change_sets/vector_work_change_set_spec.rb": 0.16518092155456543,
  "spec/decorators/ephemera_field_decorator_spec.rb": 0.13699030876159668,
  "spec/change_sets/file_set_change_set_spec.rb": 0.007283926010131836,
  "spec/models/mets_document_spec.rb": 0.9689867496490479,
  "spec/helpers/bounding_box_helper_spec.rb": 0.014467954635620117,
  "spec/utils/user_utils_spec.rb": 0.018546104431152344,
  "spec/features/root_spec.rb": 2.114640712738037,
  "spec/controllers/users_controller_spec.rb": 0.25484132766723633,
  "spec/jobs/check_fixity_recursive_job_spec.rb": 0.9920172691345215,
  "spec/models/schema/marc_relators_spec.rb": 0.15305089950561523,
  "spec/controllers/reports_controller_spec.rb": 0.19999313354492188,
  "spec/services/riiif_resolver_spec.rb": 0.2244729995727539,
  "spec/change_sets/media_resource_change_set_spec.rb": 0.05983781814575195,
  "spec/decorators/vector_work_decorator_spec.rb": 0.19060277938842773,
  "spec/decorators/application_decorator_spec.rb": 0.012703895568847656,
  "spec/jobs/recharacterize_job_spec.rb": 0.08320403099060059,
  "spec/features/ephemera_terms_spec.rb": 4.685002326965332,
  "spec/adapters/instrumented_adapter_spec.rb": 1.436661958694458,
  "spec/views/catalog/_members_vector_work.html.erb_spec.rb": 0.11991691589355469,
  "spec/controllers/ephemera_vocabularies_controller_spec.rb": 1.0767450332641602,
  "spec/models/schema/iiif_spec.rb": 0.02796792984008789,
  "spec/decorators/valkyrie/resource_decorator_spec.rb": 0.3510761260986328,
  "spec/registered_adapter_spec.rb": 7.270178556442261,
  "spec/controllers/vector_works_controller_spec.rb": 2.257720470428467,
  "spec/models/scanned_resource_spec.rb": 0.3068861961364746,
  "spec/services/identifier_service_spec.rb": 0.17009305953979492,
  "spec/adapters/bagit/storage_adapter_spec.rb": 0.11093306541442871,
  "spec/jobs/ingest_lae_folder_job_spec.rb": 0.1400129795074463,
  "spec/validators/viewing_hint_validator_spec.rb": 0.03427410125732422,
  "spec/models/multi_checksum_spec.rb": 0.028333187103271484,
  "spec/derivative_services/raster_resource_derivative_service_spec.rb": 3.607295036315918,
  "spec/views/catalog/_members_scanned_map.html.erb_spec.rb": 0.14706778526306152,
  "spec/jobs/ingest_folder_job_spec.rb": 0.014866828918457031,
  "spec/models/linked_data/linked_ephemera_term_spec.rb": 0.05212521553039551,
  "spec/change_sets/ephemera_term_change_set_spec.rb": 0.023046016693115234,
  "spec/jobs/missing_thumbnail_job_spec.rb": 0.3640620708465576,
  "spec/views/scanned_resources/file_manager.html.erb_spec.rb": 0.40624523162841797,
  "spec/models/file_set_spec.rb": 0.43206191062927246,
  "spec/characterization_services/imagemagick_characterization_service_spec.rb": 0.8351061344146729,
  "spec/values/geo_resources/coverage_spec.rb": 0.028104066848754883,
  "spec/models/report_spec.rb": 0.02899336814880371,
  "spec/characterization_services/external_metadata_characterization_service_spec.rb": 0.3645172119140625,
  "spec/models/raster_resource_spec.rb": 0.1078343391418457,
  "spec/controllers/templates_controller_spec.rb": 0.8653385639190674,
  "spec/jobs/ingest_folders_job_spec.rb": 0.011749029159545898,
  "spec/routing/ephemera_folder_routes_spec.rb": 0.00751185417175293,
  "spec/queries/find_missing_thumbnail_resources_spec.rb": 0.15148472785949707,
  "spec/services/event_generator/geoblacklight_event_generator_spec.rb": 0.452467679977417,
  "spec/controllers/media_resources_controller_spec.rb": 0.2854897975921631,
  "spec/views/catalog/_members_collection.html.erb_spec.rb": 4.36349892616272,
  "spec/services/manifest_builder_spec.rb": 5.405891180038452,
  "spec/models/controlled_vocabulary/holding_location_spec.rb": 0.025732040405273438,
  "spec/services/geo_metadata_extractor_spec.rb": 0.4301173686981201,
  "spec/change_set_persisters/plum_change_set_persister/publish_message/factory_spec.rb": 0.022175073623657227,
  "spec/services/manifest_builder/license_builder_spec.rb": 0.08263778686523438,
  "spec/characterization_services/plum_characterization_service_spec.rb": 0.18395423889160156,
  "spec/adapters/bagit/bag_exporter_spec.rb": 0.39545106887817383,
  "spec/services/persistence_adapter_spec.rb": 0.03563690185546875,
  "spec/services/solr_facade_spec.rb": 0.021402835845947266,
  "spec/services/reindexer_spec.rb": 0.16608810424804688,
  "spec/models/media_resource_spec.rb": 0.1007089614868164,
  "spec/features/manage_users_spec.rb": 1.328193187713623,
  "spec/derivative_services/scanned_map_derivative_service_spec.rb": 3.5887043476104736,
  "spec/change_sets/raster_resource_change_set_spec.rb": 0.1730809211730957,
  "spec/jobs/delete_resource_job_spec.rb": 0.23200464248657227,
  "spec/decorators/scanned_resource_decorator_spec.rb": 0.18869662284851074,
  "spec/features/ephemera_vocabularies_spec.rb": 21.461915254592896,
  "spec/helpers/osd_modal_helper_spec.rb": 0.020730257034301758,
  "spec/models/linked_data/linked_ephemera_folder_spec.rb": 0.9388172626495361,
  "spec/controllers/valhalla/downloads_controller_spec.rb": 0.40134096145629883,
  "spec/models/schema/common_spec.rb": 0.16484689712524414,
  "spec/controllers/scanned_maps_controller_spec.rb": 5.286197185516357,
  "spec/controllers/ephemera_fields_controller_spec.rb": 1.1630887985229492,
  "spec/controllers/collections_controller_spec.rb": 0.780386209487915,
  "spec/decorators/file_set_decorator_spec.rb": 0.14421868324279785,
  "spec/services/folder_json_importer_spec.rb": 0.4250059127807617,
  "spec/adapters/indexing_adapter_spec.rb": 1.8300127983093262,
  "spec/change_sets/ephemera_project_change_set_spec.rb": 0.17929720878601074,
  "spec/derivative_services/image_derivative_service_spec.rb": 1.4743738174438477,
  "spec/helpers/fixity_dashboard_helper_spec.rb": 0.015166044235229492,
  "spec/features/scanned_resource_spec.rb": 6.610654830932617,
  "spec/views/catalog/_admin_controls_ephemera_folder.html.erb_spec.rb": 0.14525890350341797,
  "spec/models/linked_data/linked_resource_factory_spec.rb": 0.09635138511657715,
  "spec/models/user_spec.rb": 0.14977240562438965,
  "spec/queries/file_sets_sorted_by_updated_spec.rb": 0.5641481876373291,
  "spec/features/ephemera_folder_spec.rb": 23.03898334503174,
  "spec/services/file_appender/file_resources_spec.rb": 0.04553484916687012,
  "spec/views/catalog/_members_ephemera_project.html.erb_spec.rb": 0.25296688079833984,
  "spec/jobs/check_fixity_job_spec.rb": 0.13662314414978027,